La_deuxième_loi_de_Newton.pdf,Newton,La deuxième loi de Newton: Décodage de la force et de l'accélération  Introduction:
La_deuxième_loi_de_Newton.pdf,Newton,"de l'accélération  Introduction:  La deuxième loi de Newton, également connue comme le principe fondamental de la dynamique, est l'un des piliers de la physique classique. Énoncée par Sir Isaac Newton en 1687, elle établit une relation fondamentale entre la force, la masse et"
La_deuxième_loi_de_Newton.pdf,Newton,"La deuxième loi de Newton, également connue comme le principe fondamental de la dynamique, est l'un des piliers de la physique classique. Énoncée par Sir Isaac Newton en 1687, elle établit une relation fondamentale entre la force, la masse et l'accélératio n d'un objet. Cette loi a joué un rôle crucial dans la compréhension du mouvement des objets et a ouvert la voie à d'innombrables applications dans divers"
La_deuxième_loi_de_Newton.pdf,Newton,domaines de la science et de l'ingénierie.  Énoncé de la loi:  La deuxième loi de Newton stipule que :  F = ma  Où :
La_deuxième_loi_de_Newton.pdf,Newton,F = ma  Où : • F est la force nette appliquée à un objet (en Newtons)  • m est la masse de l'objet (en kilogrammes)  • a est l'accélération de l'objet (en mètres par seconde carrée)
La_deuxième_loi_de_Newton.pdf,Newton,"• Accélération:  L'accélération est le changement de la vitesse d'un objet en fonction du temps. Elle est également un vecteur.  Implications de la deuxième loi de Newton:  • Proportionnalité:  La force est directement proportionnelle à l'accélération. Cela signifie que si la force appliquée à un objet est doublée, son accélération"
La_deuxième_loi_de_Newton.pdf,Newton,"Un objet avec une masse plus grande aura une accélération plus faible lorsqu'une force est appliquée, par rapport à un objet de masse plus petite.  • Applications:  La deuxième loi de Newton trouve de nombreuses applications dans le monde réel, notamment dans le calcul des trajectoires des projectiles, la conception des véhicules, l'analyse des collisions, etc."
La_deuxième_loi_de_Newton.pdf,Newton,une force sur elle pour la ralentir. La force de freinage est proportionnelle à l'accélération négative (décélération) de la voiture.  • Mouvement des planètes:  La deuxième loi de Newton permet de comprendre et de prédire le mouvement des planètes autour du soleil. La force de gravité entre le soleil et les planètes est responsable de leur
La_deuxième_loi_de_Newton.pdf,Newton,"force de gravité entre le soleil et les planètes est responsable de leur accélération sur leurs orbites elliptiques.  Limites de la deuxième loi de Newton:  La deuxième loi de Newton est applicable dans le cadre de la mécanique classique et ne s'applique pas aux situations où les effets relativistes sont importants, comme"
La_deuxième_loi_de_Newton.pdf,Newton,"accélération sur leurs orbites elliptiques.  Limites de la deuxième loi de Newton:  La deuxième loi de Newton est applicable dans le cadre de la mécanique classique et ne s'applique pas aux situations où les effets relativistes sont importants, comme les vitesses proches de la vitesse de la lumière."
La_deuxième_loi_de_Newton.pdf,Newton,les vitesses proches de la vitesse de la lumière.  Conclusion:  La deuxième loi de Newton est un concept fondamental en physique qui a révolutionné notre compréhension du mouvement et de la force. Cette loi a des applications concrètes dans de nombreux domaines et continue d'être un outil
La_deuxième_loi_de_Newton.pdf,loi,La deuxième loi de Newton: Décodage de la force et de l'accélération  Introduction:
La_deuxième_loi_de_Newton.pdf,loi,"de l'accélération  Introduction:  La deuxième loi de Newton, également connue comme le principe fondamental de la dynamique, est l'un des piliers de la physique classique. Énoncée par Sir Isaac Newton en 1687, elle établit une relation fondamentale entre la force, la masse et"
La_deuxième_loi_de_Newton.pdf,loi,"dynamique, est l'un des piliers de la physique classique. Énoncée par Sir Isaac Newton en 1687, elle établit une relation fondamentale entre la force, la masse et l'accélératio n d'un objet. Cette loi a joué un rôle crucial dans la compréhension du mouvement des objets et a ouvert la voie à d'innombrables applications dans divers domaines de la science et de l'ingénierie."
La_deuxième_loi_de_Newton.pdf,loi,mouvement des objets et a ouvert la voie à d'innombrables applications dans divers domaines de la science et de l'ingénierie.  Énoncé de la loi:  La deuxième loi de Newton stipule que :  F = ma
La_deuxième_loi_de_Newton.pdf,loi,domaines de la science et de l'ingénierie.  Énoncé de la loi:  La deuxième loi de Newton stipule que :  F = ma  Où :
La_deuxième_loi_de_Newton.pdf,loi,"• Accélération:  L'accélération est le changement de la vitesse d'un objet en fonction du temps. Elle est également un vecteur.  Implications de la deuxième loi de Newton:  • Proportionnalité:  La force est directement proportionnelle à l'accélération. Cela signifie que si la force appliquée à un objet est doublée, son accélération"
La_deuxième_loi_de_Newton.pdf,loi,"Un objet avec une masse plus grande aura une accélération plus faible lorsqu'une force est appliquée, par rapport à un objet de masse plus petite.  • Applications:  La deuxième loi de Newton trouve de nombreuses applications dans le monde réel, notamment dans le calcul des trajectoires des projectiles, la conception des véhicules, l'analyse des collisions, etc."
La_deuxième_loi_de_Newton.pdf,loi,une force sur elle pour la ralentir. La force de freinage est proportionnelle à l'accélération négative (décélération) de la voiture.  • Mouvement des planètes:  La deuxième loi de Newton permet de comprendre et de prédire le mouvement des planètes autour du soleil. La force de gravité entre le soleil et les planètes est responsable de leur
La_deuxième_loi_de_Newton.pdf,loi,"force de gravité entre le soleil et les planètes est responsable de leur accélération sur leurs orbites elliptiques.  Limites de la deuxième loi de Newton:  La deuxième loi de Newton est applicable dans le cadre de la mécanique classique et ne s'applique pas aux situations où les effets relativistes sont importants, comme"
La_deuxième_loi_de_Newton.pdf,loi,"accélération sur leurs orbites elliptiques.  Limites de la deuxième loi de Newton:  La deuxième loi de Newton est applicable dans le cadre de la mécanique classique et ne s'applique pas aux situations où les effets relativistes sont importants, comme les vitesses proches de la vitesse de la lumière."
La_deuxième_loi_de_Newton.pdf,loi,les vitesses proches de la vitesse de la lumière.  Conclusion:  La deuxième loi de Newton est un concept fondamental en physique qui a révolutionné notre compréhension du mouvement et de la force. Cette loi a des applications concrètes dans de nombreux domaines et continue d'être un outil
La_deuxième_loi_de_Newton.pdf,loi,Conclusion:  La deuxième loi de Newton est un concept fondamental en physique qui a révolutionné notre compréhension du mouvement et de la force. Cette loi a des applications concrètes dans de nombreux domaines et continue d'être un outil essentiel pour les scientifiqu es et les ingénieurs.
La_première_loi_de_Newton.pdf,Newton,"La première loi de Newton : le principe d'inertie  Introduction  La première loi de Newton, également connue sous le nom de principe d'inertie, est l'une des"
La_première_loi_de_Newton.pdf,Newton,"La première loi de Newton : le principe d'inertie  Introduction  La première loi de Newton, également connue sous le nom de principe d'inertie, est l'une des lois fondamentales de la mécanique classique. Elle décrit le comportement d'un objet soumis à des forces externes."
La_première_loi_de_Newton.pdf,Newton,les planètes et les maintient sur leur trajectoire.  Conclusion  La première loi de Newton est une loi fondamentale qui permet de comprendre le mouvement des objets. Elle a de nombreuses applications dans la vie quotidienne et dans le domaine de la science et de la technologie.
La_première_loi_de_Newton.pdf,loi,"La première loi de Newton : le principe d'inertie  Introduction  La première loi de Newton, également connue sous le nom de principe d'inertie, est l'une des"
La_première_loi_de_Newton.pdf,loi,"La première loi de Newton : le principe d'inertie  Introduction  La première loi de Newton, également connue sous le nom de principe d'inertie, est l'une des lois fondamentales de la mécanique classique. Elle décrit le comportement d'un objet soumis à des forces externes."
La_première_loi_de_Newton.pdf,loi,"Introduction  La première loi de Newton, également connue sous le nom de principe d'inertie, est l'une des lois fondamentales de la mécanique classique. Elle décrit le comportement d'un objet soumis à des forces externes.  Énoncé de la loi"
La_première_loi_de_Newton.pdf,loi,"lois fondamentales de la mécanique classique. Elle décrit le comportement d'un objet soumis à des forces externes.  Énoncé de la loi  Tout corps persévère dans l'état de repos ou de mouvement uniforme en ligne droite dans lequel il se trouve, à moins que quelque force n'agisse sur lui, et ne le contraigne"
La_première_loi_de_Newton.pdf,loi,"dans lequel il se trouve, à moins que quelque force n'agisse sur lui, et ne le contraigne à changer d'état.  Explication de la loi  La loi d'inertie stipule que :  • Un objet au repos reste au repos."
La_première_loi_de_Newton.pdf,loi,à changer d'état.  Explication de la loi  La loi d'inertie stipule que :  • Un objet au repos reste au repos.  • Un objet en mouvement continue à se déplacer en ligne droite et à vitesse constante.
La_première_loi_de_Newton.pdf,loi,les planètes et les maintient sur leur trajectoire.  Conclusion  La première loi de Newton est une loi fondamentale qui permet de comprendre le mouvement des objets. Elle a de nombreuses applications dans la vie quotidienne et dans le domaine de la science et de la technologie.
